{"mean": [[0.564799964427948, 0.48669999837875366, 0.40060001611709595, 0.32430005073547363, 0.2654999792575836], [0.49880000948905945, 0.4306999742984772, 0.3707999885082245, 0.3025999665260315, 0.2418999820947647], [0.4525999426841736, 0.38679999113082886, 0.3294000029563904, 0.30580002069473267, 0.28359997272491455]], "std": [[0.15762552618980408, 0.16346201300621033, 0.15298053622245789, 0.14594797790050507, 0.1393526792526245], [0.15875692665576935, 0.159978449344635, 0.1532672494649887, 0.14125576615333557, 0.13774383068084717], [0.16155290603637695, 0.15319670736789703, 0.15465949475765228, 0.14909255504608154, 0.14467886090278625]]}