{"mean": [[0.0, 0.30000001192092896, 0.10000000149011612, 0.0, 0.0]], "std": [[0.0, 0.48304590582847595, 0.3162277638912201, 0.0, 0.0]]}