{"steps": [3.0, 5.0, 7.0, 9.0, 13.0, 15.0, 17.0, 19.0], "loss": [2.4798078536987305, 2.5928878784179688, 2.5961408615112305, 2.6098053455352783, 2.544386625289917, 2.222721576690674, 2.2491934299468994, 2.2807533740997314]}