{"steps": [501.0, 1001.0, 1501.0, 2001.0, 2501.0, 3001.0, 3501.0, 4001.0, 4501.0, 5501.0, 6001.0, 6501.0, 7001.0, 7501.0, 8001.0, 8501.0, 9001.0, 9501.0, 10501.0, 11001.0, 11501.0, 12001.0, 12501.0, 13001.0, 13501.0, 14001.0, 14501.0, 15501.0, 16001.0, 16501.0, 17001.0, 17501.0, 18001.0, 18501.0, 19001.0, 19501.0, 20501.0, 21001.0, 21501.0, 22001.0, 22501.0, 23001.0, 23501.0, 24001.0, 24501.0], "loss": [1.8891160488128662, 1.1376688480377197, 1.2216522693634033, 1.882080316543579, 1.64529287815094, 1.4326905012130737, 0.8740484118461609, 0.9333057403564453, 0.9691388010978699, 1.4785292148590088, 1.0801666975021362, 1.098222017288208, 1.6123090982437134, 1.848507285118103, 1.4219375848770142, 0.8843852281570435, 0.745592474937439, 0.5650762319564819, 1.2760484218597412, 1.0327484607696533, 0.8337737321853638, 1.6820557117462158, 1.7331726551055908, 1.5241944789886475, 0.8980327844619751, 0.8476862907409668, 0.7476446628570557, 1.754680871963501, 1.1493273973464966, 1.119519591331482, 1.711572289466858, 1.6298458576202393, 1.4462292194366455, 0.690289318561554, 1.0008533000946045, 0.6677738428115845, 1.444892168045044, 0.874947726726532, 0.8235757946968079, 1.5331918001174927, 1.059091567993164, 1.6924402713775635, 0.862018883228302, 0.8904991149902344, 0.58319491147995]}