{"steps": [501.0, 1001.0, 1501.0, 2001.0, 2501.0, 3001.0, 3501.0, 4001.0, 4501.0, 5501.0, 6001.0, 6501.0, 7001.0, 7501.0, 8001.0, 8501.0, 9001.0, 9501.0, 10501.0, 11001.0, 11501.0, 12001.0, 12501.0, 13001.0, 13501.0, 14001.0, 14501.0, 15501.0, 16001.0, 16501.0, 17001.0, 17501.0, 18001.0, 18501.0, 19001.0, 19501.0, 20501.0, 21001.0, 21501.0, 22001.0, 22501.0, 23001.0, 23501.0, 24001.0, 24501.0], "loss": [2.2150092124938965, 2.091201066970825, 1.8783490657806396, 2.287088632583618, 2.148345470428467, 1.992364525794983, 2.0005955696105957, 2.0723605155944824, 1.9558511972427368, 1.893424391746521, 2.125821590423584, 1.8593404293060303, 2.480400800704956, 2.1250150203704834, 1.7727077007293701, 1.9785401821136475, 1.8367315530776978, 1.832572340965271, 1.8559744358062744, 2.09433650970459, 1.9014180898666382, 2.3260505199432373, 2.016216516494751, 1.886040449142456, 1.9114818572998047, 1.9940944910049438, 1.8433277606964111, 1.8659204244613647, 1.945361852645874, 1.953213095664978, 2.4608476161956787, 1.9712005853652954, 1.8827632665634155, 1.7020715475082397, 1.9374806880950928, 1.9027646780014038, 1.8163541555404663, 2.018265962600708, 1.814366340637207, 2.3886404037475586, 2.035428047180176, 1.7670103311538696, 1.68771493434906, 2.0610713958740234, 1.7006756067276]}