{"steps": [501.0, 1001.0, 1501.0, 2001.0, 2501.0, 3001.0, 3501.0, 4001.0, 4501.0, 5501.0, 6001.0, 6501.0, 7001.0, 7501.0, 8001.0, 8501.0, 9001.0, 9501.0, 10501.0, 11001.0, 11501.0, 12001.0, 12501.0, 13001.0, 13501.0, 14001.0, 14501.0, 15501.0, 16001.0, 16501.0, 17001.0, 17501.0, 18001.0, 18501.0, 19001.0, 19501.0, 20501.0, 21001.0, 21501.0, 22001.0, 22501.0, 23001.0, 23501.0, 24001.0, 24501.0], "loss": [2.127361536026001, 1.8231022357940674, 1.5121880769729614, 2.006915330886841, 1.7647697925567627, 1.7691694498062134, 1.2279218435287476, 1.654467225074768, 1.117951512336731, 1.8725249767303467, 1.5042403936386108, 1.1506264209747314, 1.8849289417266846, 1.8451955318450928, 1.6613613367080688, 0.8084667921066284, 1.8089348077774048, 0.9750644564628601, 1.9032819271087646, 1.4289696216583252, 1.1613740921020508, 2.064203977584839, 1.6653387546539307, 1.9537252187728882, 0.8334871530532837, 1.6430480480194092, 0.874223530292511, 1.8332099914550781, 1.403604507446289, 1.2609483003616333, 1.7454763650894165, 1.6797736883163452, 1.5852665901184082, 0.9003324508666992, 1.4980254173278809, 0.8788646459579468, 2.163533926010132, 1.5436333417892456, 1.1852487325668335, 1.5836350917816162, 1.8082053661346436, 1.5601755380630493, 0.8432551622390747, 1.7160600423812866, 0.9389049410820007]}