{"steps": [3.0, 5.0, 7.0, 9.0, 13.0, 15.0, 17.0, 19.0], "loss": [2.2874677181243896, 2.135791540145874, 2.234478235244751, 2.1805522441864014, 2.285684108734131, 2.1456897258758545, 2.3857243061065674, 2.965958833694458]}