{"steps": [501.0, 1001.0, 1501.0, 2001.0, 2501.0, 3001.0, 3501.0, 4001.0, 4501.0, 5501.0, 6001.0, 6501.0, 7001.0, 7501.0, 8001.0, 8501.0, 9001.0, 9501.0, 10501.0, 11001.0, 11501.0, 12001.0, 12501.0, 13001.0, 13501.0, 14001.0, 14501.0, 15501.0, 16001.0, 16501.0, 17001.0, 17501.0, 18001.0, 18501.0, 19001.0, 19501.0, 20501.0, 21001.0, 21501.0, 22001.0, 22501.0, 23001.0, 23501.0, 24001.0, 24501.0], "loss": [2.2650742530822754, 1.824265480041504, 1.6230957508087158, 2.2369561195373535, 1.777935266494751, 1.279617428779602, 1.61530339717865, 1.9043033123016357, 1.5057390928268433, 2.044995069503784, 1.8213140964508057, 1.4905415773391724, 2.2198920249938965, 1.7627155780792236, 1.1977664232254028, 1.352717638015747, 1.628648042678833, 1.2844350337982178, 2.0102107524871826, 1.7451725006103516, 1.286245346069336, 2.0660531520843506, 1.7670997381210327, 1.4572638273239136, 1.423082709312439, 1.6515159606933594, 1.3887587785720825, 1.6299206018447876, 1.7196547985076904, 1.4769855737686157, 2.055245876312256, 1.8809102773666382, 1.3498733043670654, 1.4577550888061523, 1.5245029926300049, 1.4990531206130981, 2.065436840057373, 1.493896245956421, 1.3085371255874634, 2.1920599937438965, 1.7147499322891235, 1.407954454421997, 1.5714625120162964, 1.6197839975357056, 1.4605302810668945]}