{"steps": [3.0, 5.0, 7.0, 9.0, 13.0, 15.0, 17.0, 19.0], "loss": [2.403542995452881, 1.9908478260040283, 3.0279488563537598, 2.1443588733673096, 2.810062885284424, 2.1266205310821533, 2.3535690307617188, 2.7386271953582764]}