{"steps": [501.0, 1001.0, 1501.0, 2001.0, 2501.0, 3001.0, 3501.0, 4001.0, 4501.0, 5501.0, 6001.0, 6501.0, 7001.0, 7501.0, 8001.0, 8501.0, 9001.0, 9501.0, 10501.0, 11001.0, 11501.0, 12001.0, 12501.0, 13001.0, 13501.0, 14001.0, 14501.0, 15501.0, 16001.0, 16501.0, 17001.0, 17501.0, 18001.0, 18501.0, 19001.0, 19501.0, 20501.0, 21001.0, 21501.0, 22001.0, 22501.0, 23001.0, 23501.0, 24001.0, 24501.0], "loss": [2.0511507987976074, 1.889219880104065, 1.7016651630401611, 1.9964507818222046, 1.8956000804901123, 1.594125747680664, 1.6242763996124268, 1.9321149587631226, 1.7528963088989258, 1.8946571350097656, 1.7057573795318604, 1.4218113422393799, 2.146223545074463, 1.9586656093597412, 1.7214610576629639, 1.7793384790420532, 1.9101396799087524, 1.7669012546539307, 1.8817914724349976, 1.6315479278564453, 1.496848702430725, 2.326742649078369, 1.7904258966445923, 1.6726032495498657, 1.7520405054092407, 1.9717849493026733, 1.763501524925232, 1.9358022212982178, 1.4889568090438843, 1.5004106760025024, 2.1882476806640625, 1.8787155151367188, 1.700892448425293, 1.7057411670684814, 1.9182193279266357, 1.7592967748641968, 1.9989982843399048, 1.5831823348999023, 1.6195347309112549, 2.0971341133117676, 1.6927602291107178, 1.5837335586547852, 1.497799277305603, 1.8291279077529907, 1.862865686416626]}