{"steps": [3.0, 5.0, 7.0, 9.0, 13.0, 15.0, 17.0, 19.0], "loss": [2.4944591522216797, 2.340057611465454, 2.1979007720947266, 2.347545623779297, 2.505664348602295, 2.435042142868042, 2.0198326110839844, 2.0628554821014404]}