{"steps": [3.0, 5.0, 7.0, 9.0, 13.0, 15.0, 17.0, 19.0], "loss": [2.599715232849121, 2.260937213897705, 2.2036938667297363, 2.4736087322235107, 2.320587635040283, 2.439713954925537, 2.310589551925659, 2.426193952560425]}