{"steps": [501.0, 1001.0, 1501.0, 2001.0, 2501.0, 3001.0, 3501.0, 4001.0, 4501.0, 5501.0, 6001.0, 6501.0, 7001.0, 7501.0, 8001.0, 8501.0, 9001.0, 9501.0, 10501.0, 11001.0, 11501.0, 12001.0, 12501.0, 13001.0, 13501.0, 14001.0, 14501.0, 15501.0, 16001.0, 16501.0, 17001.0, 17501.0, 18001.0, 18501.0, 19001.0, 19501.0, 20501.0, 21001.0, 21501.0, 22001.0, 22501.0, 23001.0, 23501.0, 24001.0, 24501.0], "loss": [1.798799753189087, 0.9185045957565308, 1.135998249053955, 1.7011467218399048, 1.0345882177352905, 1.147364854812622, 0.7034469842910767, 0.6333169341087341, 0.5255508422851562, 1.4121243953704834, 0.782964825630188, 0.7081001996994019, 1.2809159755706787, 0.7438859939575195, 1.3525922298431396, 0.5997636318206787, 0.8426735997200012, 0.5304684638977051, 1.3256489038467407, 0.6946079134941101, 0.6610263586044312, 1.5208133459091187, 0.9747480154037476, 1.1180542707443237, 0.47917118668556213, 0.601635754108429, 0.4771879315376282, 1.2828443050384521, 0.7651065587997437, 0.5603412389755249, 1.2542146444320679, 0.9253454208374023, 0.904232382774353, 0.5935555696487427, 0.615520179271698, 0.3695310354232788, 1.2995022535324097, 0.9967867136001587, 0.5773914456367493, 1.0290974378585815, 0.9075959920883179, 0.9922581911087036, 0.577143132686615, 0.7339518666267395, 0.44588786363601685]}