{"steps": [3.0, 5.0, 7.0, 9.0, 13.0, 15.0, 17.0, 19.0], "loss": [2.3520429134368896, 2.063992500305176, 2.42032790184021, 2.4099817276000977, 2.1645729541778564, 2.1586873531341553, 2.049391508102417, 2.1954081058502197]}