{"steps": [501.0, 1001.0, 1501.0, 2001.0, 2501.0, 3001.0, 3501.0, 4001.0, 4501.0, 5501.0, 6001.0, 6501.0, 7001.0, 7501.0, 8001.0, 8501.0, 9001.0, 9501.0, 10501.0, 11001.0, 11501.0, 12001.0, 12501.0, 13001.0, 13501.0, 14001.0, 14501.0, 15501.0, 16001.0, 16501.0, 17001.0, 17501.0, 18001.0, 18501.0, 19001.0, 19501.0, 20501.0, 21001.0, 21501.0, 22001.0, 22501.0, 23001.0, 23501.0, 24001.0, 24501.0], "loss": [2.3676559925079346, 1.8533411026000977, 2.143998146057129, 2.1134352684020996, 2.2179863452911377, 1.889949083328247, 2.0325655937194824, 2.0170743465423584, 1.9973762035369873, 2.22389817237854, 1.8100955486297607, 2.0350308418273926, 2.1709887981414795, 1.941124677658081, 1.8972774744033813, 1.9689600467681885, 2.1219303607940674, 1.8593915700912476, 2.123849868774414, 1.8200082778930664, 2.176345109939575, 2.3604063987731934, 1.9056812524795532, 1.967145562171936, 1.8995335102081299, 1.9664243459701538, 1.8589080572128296, 2.3129725456237793, 1.9297857284545898, 2.076192855834961, 2.3698484897613525, 1.9396288394927979, 1.8712135553359985, 1.8109328746795654, 2.1117968559265137, 1.8606458902359009, 2.188183307647705, 1.8388965129852295, 2.0902037620544434, 2.10140061378479, 1.9389019012451172, 1.914751410484314, 1.8138091564178467, 2.0084757804870605, 1.7862600088119507]}