{"steps": [501.0, 1001.0, 1501.0, 2001.0, 2501.0, 3001.0, 3501.0, 4001.0, 4501.0, 5501.0, 6001.0, 6501.0, 7001.0, 7501.0, 8001.0, 8501.0, 9001.0, 9501.0, 10501.0, 11001.0, 11501.0, 12001.0, 12501.0, 13001.0, 13501.0, 14001.0, 14501.0, 15501.0, 16001.0, 16501.0, 17001.0, 17501.0, 18001.0, 18501.0, 19001.0, 19501.0, 20501.0, 21001.0, 21501.0, 22001.0, 22501.0, 23001.0, 23501.0, 24001.0, 24501.0], "loss": [2.391997814178467, 2.3834736347198486, 1.5590063333511353, 2.033463716506958, 2.1056675910949707, 1.9276790618896484, 1.697939157485962, 1.6138241291046143, 1.3685295581817627, 1.8020824193954468, 1.4136714935302734, 1.3003453016281128, 1.8279335498809814, 1.9656965732574463, 1.861886978149414, 1.3857977390289307, 1.237274169921875, 1.1636419296264648, 1.8821312189102173, 1.8026107549667358, 1.31698477268219, 1.7821162939071655, 1.895432472229004, 1.8867161273956299, 1.2705045938491821, 1.336103081703186, 1.2655479907989502, 1.8081464767456055, 1.6218410730361938, 1.421430230140686, 1.567658543586731, 1.789441704750061, 1.9892244338989258, 1.1930205821990967, 1.3750327825546265, 1.1443620920181274, 1.5690486431121826, 1.6593754291534424, 1.3649741411209106, 1.6291462182998657, 1.66437566280365, 1.9112848043441772, 1.2230428457260132, 1.4186348915100098, 1.2431213855743408]}