{"steps": [501.0, 1001.0, 1501.0, 2001.0, 2501.0, 3001.0, 3501.0, 4001.0, 4501.0, 5501.0, 6001.0, 6501.0, 7001.0, 7501.0, 8001.0, 8501.0, 9001.0, 9501.0, 10501.0, 11001.0, 11501.0, 12001.0, 12501.0, 13001.0, 13501.0, 14001.0, 14501.0, 15501.0, 16001.0, 16501.0, 17001.0, 17501.0, 18001.0, 18501.0, 19001.0, 19501.0, 20501.0, 21001.0, 21501.0, 22001.0, 22501.0, 23001.0, 23501.0, 24001.0, 24501.0], "loss": [2.38364839553833, 1.8817026615142822, 1.7416540384292603, 2.282376766204834, 2.0045363903045654, 1.6581767797470093, 1.716355562210083, 1.925816297531128, 1.8302640914916992, 2.11426043510437, 1.769784688949585, 1.6001949310302734, 1.9812978506088257, 1.7516205310821533, 1.6138114929199219, 1.6857178211212158, 1.8087631464004517, 1.8119035959243774, 2.3247475624084473, 1.7861896753311157, 1.6688873767852783, 1.8808753490447998, 1.895777702331543, 1.5967590808868408, 1.5627434253692627, 1.8081939220428467, 1.881903052330017, 2.0694010257720947, 1.8942039012908936, 1.4988009929656982, 2.0326170921325684, 1.7836849689483643, 1.665461778640747, 1.6675316095352173, 1.8963267803192139, 1.8183692693710327, 2.0836308002471924, 1.7701879739761353, 1.465996503829956, 2.0865025520324707, 1.7316725254058838, 1.5662896633148193, 1.6895862817764282, 1.9040682315826416, 1.9068607091903687]}