{"steps": [501.0, 1001.0, 1501.0, 2001.0, 2501.0, 3001.0, 3501.0, 4001.0, 4501.0, 5501.0, 6001.0, 6501.0, 7001.0, 7501.0, 8001.0, 8501.0, 9001.0, 9501.0, 10501.0, 11001.0, 11501.0, 12001.0, 12501.0, 13001.0, 13501.0, 14001.0, 14501.0, 15501.0, 16001.0, 16501.0, 17001.0, 17501.0, 18001.0, 18501.0, 19001.0, 19501.0, 20501.0, 21001.0, 21501.0, 22001.0, 22501.0, 23001.0, 23501.0, 24001.0, 24501.0], "loss": [2.3166394233703613, 1.9775793552398682, 1.6584793329238892, 2.1731159687042236, 2.0726261138916016, 1.8414074182510376, 1.5902111530303955, 1.7501052618026733, 1.7597583532333374, 1.9532550573349, 1.5871250629425049, 1.543694019317627, 2.1069118976593018, 1.9942734241485596, 1.828857183456421, 1.4333540201187134, 1.675114393234253, 1.6983671188354492, 1.8876148462295532, 1.5922459363937378, 1.5076825618743896, 2.2130892276763916, 1.7936204671859741, 1.6853806972503662, 1.5725544691085815, 1.731685996055603, 1.6829723119735718, 1.8272463083267212, 1.6510324478149414, 1.7862132787704468, 1.9649959802627563, 1.7359281778335571, 1.6887534856796265, 1.5382572412490845, 1.5722391605377197, 1.7012546062469482, 1.8973690271377563, 1.784507155418396, 1.668433427810669, 2.1510181427001953, 1.985856056213379, 1.8044154644012451, 1.6106245517730713, 1.7033367156982422, 1.5508172512054443]}