{"steps": [501.0, 1001.0, 1501.0, 2001.0, 2501.0, 3001.0, 3501.0, 4001.0, 4501.0, 5501.0, 6001.0, 6501.0, 7001.0, 7501.0, 8001.0, 8501.0, 9001.0, 9501.0, 10501.0, 11001.0, 11501.0, 12001.0, 12501.0, 13001.0, 13501.0, 14001.0, 14501.0, 15501.0, 16001.0, 16501.0, 17001.0, 17501.0, 18001.0, 18501.0, 19001.0, 19501.0, 20501.0, 21001.0, 21501.0, 22001.0, 22501.0, 23001.0, 23501.0, 24001.0, 24501.0], "loss": [2.2721517086029053, 1.7340309619903564, 1.3959795236587524, 1.8278061151504517, 1.5735677480697632, 1.3238469362258911, 1.1365658044815063, 1.6787132024765015, 1.0903844833374023, 1.9682365655899048, 1.518154263496399, 1.396991491317749, 1.9828345775604248, 1.4364054203033447, 1.7563766241073608, 1.3335002660751343, 1.2584859132766724, 0.8666176795959473, 1.7701599597930908, 1.66957688331604, 1.5323224067687988, 1.7643486261367798, 1.6082290410995483, 1.6645368337631226, 1.2673786878585815, 1.182312250137329, 0.8230296969413757, 1.6670337915420532, 1.4283968210220337, 1.1127849817276, 1.8433055877685547, 1.5325267314910889, 1.3887840509414673, 0.9890657663345337, 1.0959663391113281, 0.9112398028373718, 1.8991104364395142, 1.311856746673584, 1.0218889713287354, 1.6491758823394775, 1.5944359302520752, 1.4752463102340698, 1.0015952587127686, 1.3464182615280151, 1.0316025018692017]}