{"steps": [501.0, 1001.0, 1501.0, 2001.0, 2501.0, 3001.0, 3501.0, 4001.0, 4501.0, 5501.0, 6001.0, 6501.0, 7001.0, 7501.0, 8001.0, 8501.0, 9001.0, 9501.0, 10501.0, 11001.0, 11501.0, 12001.0, 12501.0, 13001.0, 13501.0, 14001.0, 14501.0, 15501.0, 16001.0, 16501.0, 17001.0, 17501.0, 18001.0, 18501.0, 19001.0, 19501.0, 20501.0, 21001.0, 21501.0, 22001.0, 22501.0, 23001.0, 23501.0, 24001.0, 24501.0], "loss": [2.32586407661438, 2.245149612426758, 2.0206000804901123, 2.2497341632843018, 2.2563624382019043, 2.1721689701080322, 1.9576818943023682, 1.9241855144500732, 1.8967342376708984, 1.857141137123108, 2.3656070232391357, 2.0934205055236816, 2.4114696979522705, 2.1465697288513184, 2.272946834564209, 2.043628215789795, 1.9282159805297852, 1.7652480602264404, 2.094496250152588, 2.3500638008117676, 1.9491186141967773, 2.5066111087799072, 2.19743013381958, 2.1406846046447754, 1.8011184930801392, 1.880603551864624, 1.7758926153182983, 1.997436285018921, 2.2733075618743896, 1.9454654455184937, 2.2756810188293457, 2.3519558906555176, 2.221808910369873, 2.007002830505371, 1.9931808710098267, 1.8529541492462158, 1.9071266651153564, 2.1777312755584717, 1.9337565898895264, 2.191161632537842, 2.249058246612549, 2.10994291305542, 1.9911972284317017, 1.951573371887207, 1.7801520824432373]}