{"steps": [501.0, 1001.0, 1501.0, 2001.0, 2501.0, 3001.0, 3501.0, 4001.0, 4501.0, 5501.0, 6001.0, 6501.0, 7001.0, 7501.0, 8001.0, 8501.0, 9001.0, 9501.0, 10501.0, 11001.0, 11501.0, 12001.0, 12501.0, 13001.0, 13501.0, 14001.0, 14501.0, 15501.0, 16001.0, 16501.0, 17001.0, 17501.0, 18001.0, 18501.0, 19001.0, 19501.0, 20501.0, 21001.0, 21501.0, 22001.0, 22501.0, 23001.0, 23501.0, 24001.0, 24501.0], "loss": [2.2888200283050537, 1.9454017877578735, 1.3714097738265991, 2.0688588619232178, 1.8169103860855103, 1.2917821407318115, 1.3232614994049072, 1.6310497522354126, 1.2792927026748657, 1.7971042394638062, 1.9323756694793701, 1.135176658630371, 2.034728527069092, 1.6827642917633057, 1.3355892896652222, 1.2827768325805664, 1.4719759225845337, 1.0053367614746094, 1.5870329141616821, 1.900444746017456, 0.9687200784683228, 1.8398786783218384, 1.6305382251739502, 1.3763437271118164, 1.1438902616500854, 1.2277452945709229, 1.0706201791763306, 1.7438154220581055, 1.7337875366210938, 1.2536132335662842, 1.9576005935668945, 1.7944660186767578, 1.338319182395935, 1.3211578130722046, 1.2919766902923584, 0.9232845306396484, 1.8116800785064697, 1.767876386642456, 0.9571832418441772, 1.727944016456604, 1.6747404336929321, 1.429213285446167, 1.2910830974578857, 1.3873733282089233, 0.9967164993286133]}