{"steps": [501.0, 1001.0, 1501.0, 2001.0, 2501.0, 3001.0, 3501.0, 4001.0, 4501.0, 5501.0, 6001.0, 6501.0, 7001.0, 7501.0, 8001.0, 8501.0, 9001.0, 9501.0, 10501.0, 11001.0, 11501.0, 12001.0, 12501.0, 13001.0, 13501.0, 14001.0, 14501.0, 15501.0, 16001.0, 16501.0, 17001.0, 17501.0, 18001.0, 18501.0, 19001.0, 19501.0, 20501.0, 21001.0, 21501.0, 22001.0, 22501.0, 23001.0, 23501.0, 24001.0, 24501.0], "loss": [2.1723427772521973, 2.350937843322754, 1.845043420791626, 2.5668444633483887, 2.219071865081787, 1.8715025186538696, 1.8673597574234009, 1.7390143871307373, 1.8574764728546143, 1.8523401021957397, 2.656632900238037, 1.9261796474456787, 2.2499070167541504, 2.149921417236328, 1.9225994348526, 1.8833606243133545, 1.6677948236465454, 1.75800359249115, 1.74465012550354, 2.6579458713531494, 1.7835811376571655, 2.2807345390319824, 2.355741500854492, 1.9274914264678955, 1.9273573160171509, 1.7483148574829102, 1.7358629703521729, 2.0466806888580322, 2.5663669109344482, 1.5800577402114868, 1.9112203121185303, 2.545980930328369, 1.7559540271759033, 1.7852567434310913, 1.6022241115570068, 1.7822349071502686, 1.8947827816009521, 2.603588342666626, 1.8872277736663818, 2.3135507106781006, 2.1942498683929443, 1.7221635580062866, 1.8239246606826782, 1.6904971599578857, 1.688143014907837]}