{"steps": [501.0, 1001.0, 1501.0, 2001.0, 2501.0, 3001.0, 3501.0, 4001.0, 4501.0, 5501.0, 6001.0, 6501.0, 7001.0, 7501.0, 8001.0, 8501.0, 9001.0, 9501.0, 10501.0, 11001.0, 11501.0, 12001.0, 12501.0, 13001.0, 13501.0, 14001.0, 14501.0, 15501.0, 16001.0, 16501.0, 17001.0, 17501.0, 18001.0, 18501.0, 19001.0, 19501.0, 20501.0, 21001.0, 21501.0, 22001.0, 22501.0, 23001.0, 23501.0, 24001.0, 24501.0], "loss": [2.4521102905273438, 2.2407729625701904, 1.6724681854248047, 1.9681499004364014, 1.5873548984527588, 1.7771406173706055, 1.7662544250488281, 1.9118601083755493, 1.3968274593353271, 1.913020133972168, 1.755411148071289, 1.7161893844604492, 1.9054244756698608, 1.8321157693862915, 1.6065208911895752, 1.757503867149353, 1.2646336555480957, 1.3561136722564697, 1.7068297863006592, 2.070847988128662, 1.5723000764846802, 1.8614904880523682, 1.8912537097930908, 1.5555012226104736, 1.5139471292495728, 1.3944697380065918, 1.265325665473938, 2.0220096111297607, 2.197613477706909, 1.6451423168182373, 2.039123058319092, 1.9406121969223022, 1.4993616342544556, 1.5645904541015625, 1.4522024393081665, 1.329384684562683, 1.71027410030365, 2.2353339195251465, 1.6411126852035522, 2.0700716972351074, 1.627981424331665, 1.4311022758483887, 1.4404367208480835, 1.4439361095428467, 1.2108919620513916]}