{"steps": [501.0, 1001.0, 1501.0, 2001.0, 2501.0, 3001.0, 3501.0, 4001.0, 4501.0, 5501.0, 6001.0, 6501.0, 7001.0, 7501.0, 8001.0, 8501.0, 9001.0, 9501.0, 10501.0, 11001.0, 11501.0, 12001.0, 12501.0, 13001.0, 13501.0, 14001.0, 14501.0, 15501.0, 16001.0, 16501.0, 17001.0, 17501.0, 18001.0, 18501.0, 19001.0, 19501.0, 20501.0, 21001.0, 21501.0, 22001.0, 22501.0, 23001.0, 23501.0, 24001.0, 24501.0], "loss": [2.2383055686950684, 2.3131141662597656, 1.8330646753311157, 2.011715888977051, 1.9612665176391602, 1.5844695568084717, 1.9094337224960327, 1.6529428958892822, 1.869336485862732, 1.8629348278045654, 1.938270926475525, 1.6124000549316406, 2.0994369983673096, 1.896519422531128, 1.799822449684143, 1.8054053783416748, 1.5050650835037231, 1.9371989965438843, 1.6143871545791626, 2.1429030895233154, 1.7008097171783447, 2.0317764282226562, 1.6321035623550415, 1.4552122354507446, 1.6360737085342407, 1.7283713817596436, 1.8416036367416382, 1.8625900745391846, 1.9371135234832764, 1.6897547245025635, 2.182797431945801, 1.9240888357162476, 1.5735418796539307, 1.775974988937378, 1.5984032154083252, 1.9838634729385376, 1.6945654153823853, 2.1293745040893555, 1.579026222229004, 2.079664707183838, 1.6705951690673828, 1.6288607120513916, 1.6904411315917969, 1.573102593421936, 1.7698110342025757]}